City,Province
Airdrie,Alberta
Athabasca,Alberta
Banff,Alberta
Barrhead,Alberta
Bashaw,Alberta
Bassano,Alberta
Beaumont,Alberta
Beaumont,Alberta
Beaumont,Alberta
Beaverlodge,Alberta
Black Diamond,Alberta
Blackfalds,Alberta
Bon Accord,Alberta
Bon Accord,Alberta
Bonnyville,Alberta
Bow Island,Alberta
Bowden,Alberta
Brooks,Alberta
Bruderheim,Alberta
Calgary,Alberta
Calmar,Alberta
Camrose,Alberta
Canmore,Alberta
Cardston,Alberta
Carstairs,Alberta
Castor,Alberta
Chestermere,Alberta
Claresholm,Alberta
Coaldale,Alberta
Cochrane,Alberta
Cochrane,Alberta
Cold Lake,Alberta
Coronation,Alberta
Coronation,Alberta
Crossfield,Alberta
Daysland,Alberta
Devon,Alberta
Devon,Alberta
Didsbury,Alberta
Drayton Valley,Alberta
Drumheller,Alberta
Eckville,Alberta
Edmonton,Alberta
Edson,Alberta
Elk Point,Alberta
Fairview,Alberta
Fairview,Alberta
Fairview,Alberta
Fairview,Alberta
Fairview,Alberta
"Fairview, Nova Scotia",Alberta
Fairview,Alberta
Fairview,Alberta
Fairview,Alberta
Fairview,Alberta
Falher,Alberta
Fort Macleod,Alberta
Fort Saskatchewan,Alberta
Fort Saskatchewan,Alberta
Fox Creek,Alberta
Fox Creek,Alberta
Grande Prairie,Alberta
Grimshaw,Alberta
Hanna,Alberta
Hardisty,Alberta
High Level,Alberta
High Prairie,Alberta
High River,Alberta
Hinton,Alberta
Innisfail,Alberta
Irricana,Alberta
Killam,Alberta
Lac La Biche,Alberta
Lacombe,Alberta
Lamont,Alberta
Leduc,Alberta
Legal,Alberta
Lethbridge,Alberta
Lethbridge,Alberta
"Lloydminster, Alberta",Alberta
Lloydminster,Alberta
"Lloydminster, Alberta",Alberta
Magrath,Alberta
Manning,Alberta
Mayerthorpe,Alberta
McLennan,Alberta
McLennan,Alberta
Medicine Hat,Alberta
Milk River,Alberta
Millet,Alberta
Morinville,Alberta
Mundare,Alberta
Nanton,Alberta
Okotoks,Alberta
Olds,Alberta
Oyen,Alberta
Peace River,Alberta
Penhold,Alberta
Picture Butte,Alberta
Pincher Creek,Alberta
Ponoka,Alberta
Provost,Alberta
Rainbow Lake,Alberta
Raymond,Alberta
Red Deer,Alberta
Redcliff,Alberta
Redwater,Alberta
Redwater,Alberta
Rimbey,Alberta
Rocky Mountain House,Alberta
Sedgewick,Alberta
Sexsmith,Alberta
Slave Lake,Alberta
Smoky Lake,Alberta
Spirit River,Alberta
Spruce Grove,Alberta
Stavely,Alberta
Stettler,Alberta
Stony Plain,Alberta
Strathmore,Alberta
Sundre,Alberta
Swan Hills,Alberta
Sylvan Lake,Alberta
Taber,Alberta
Thorsby,Alberta
Three Hills,Alberta
Tofield,Alberta
Trochu,Alberta
Turner Valley,Alberta
Two Hills,Alberta
Valleyview,Alberta
Valleyview,Alberta
Vauxhall,Alberta
Vegreville,Alberta
Vermilion,Alberta
Viking,Alberta
Vulcan,Alberta
Wainwright,Alberta
Wembley,Alberta
Westlock,Alberta
Wetaskiwin,Alberta
Whitecourt,Alberta
Abbotsford,British Columbia
Abbotsford,British Columbia
Armstrong,British Columbia
Armstrong,British Columbia
Burnaby,British Columbia
Campbell River,British Columbia
Castlegar,British Columbia
Chilliwack,British Columbia
Comox,British Columbia
Coquitlam,British Columbia
Courtenay,British Columbia
Cranbrook,British Columbia
Creston,British Columbia
Dawson Creek,British Columbia
Delta,British Columbia
Delta,British Columbia
Duncan,British Columbia
Duncan,British Columbia
Enderby,British Columbia
Fernie,British Columbia
Gibsons,British Columbia
Golden,British Columbia
Grand Forks,British Columbia
Greenwood,British Columbia
Greenwood,British Columbia
Greenwood,British Columbia
Kamloops,British Columbia
Kelowna,British Columbia
Kimberley,British Columbia
Ladysmith,British Columbia
Lake Cowichan,British Columbia
Langford,British Columbia
Langley,British Columbia
Maple Ridge,British Columbia
Maple Ridge,British Columbia
Maple Ridge,British Columbia
Merritt,British Columbia
Nanaimo,British Columbia
Nelson,British Columbia
New Westminster,British Columbia
North Vancouver,British Columbia
"Oliver, Edmonton",British Columbia
Oliver,British Columbia
Osoyoos,British Columbia
Parksville,British Columbia
Penticton,British Columbia
Pitt Meadows,British Columbia
Port Alberni,British Columbia
Port Coquitlam,British Columbia
Port McNeill,British Columbia
Port Moody,British Columbia
Powell River,British Columbia
Prince George,British Columbia
"Prince Rupert, Edmonton",British Columbia
Prince Rupert,British Columbia
Princeton,British Columbia
Princeton,British Columbia
Princeton,British Columbia
Qualicum Beach,British Columbia
Quesnel,British Columbia
Revelstoke,British Columbia
"Richmond, Calgary",British Columbia
Richmond,British Columbia
Richmond,British Columbia
Richmond,British Columbia
Rossland,British Columbia
Salmon Arm,British Columbia
Sidney,British Columbia
Sidney,British Columbia
Smithers,British Columbia
Surrey,British Columbia
Terrace,British Columbia
Trail,British Columbia
Vancouver,British Columbia
Vernon,British Columbia
Victoria,British Columbia
Victoria,British Columbia
Victoria,British Columbia
Victoria,British Columbia
Victoria,British Columbia
View Royal,British Columbia
White Rock,British Columbia
Williams Lake,British Columbia
Altona,Manitoba
Arborg,Manitoba
Birtle,Manitoba
Boissevain,Manitoba
Brandon,Manitoba
Carberry,Manitoba
Carman,Manitoba
Churchill,Manitoba
Dauphin,Manitoba
Deloraine,Manitoba
Emerson,Manitoba
Erickson,Manitoba
Flin Flon,Manitoba
Gilbert Plains,Manitoba
Gillam,Manitoba
Gimli,Manitoba
Gladstone,Manitoba
Grand Rapids,Manitoba
Grandview,Manitoba
Grandview,Manitoba
Gretna,Manitoba
Hamiota,Manitoba
Hartney,Manitoba
Killarney,Manitoba
Killarney,Manitoba
Killarney,Manitoba
Killarney,Manitoba
Killarney,Manitoba
Lac du Bonnet,Manitoba
Leaf Rapids,Manitoba
Lynn Lake,Manitoba
MacGregor,Manitoba
Manitou,Manitoba
Melita,Manitoba
Minitonas,Manitoba
Minnedosa,Manitoba
Morden,Manitoba
Morden,Manitoba
Morden,Manitoba
Morris,Manitoba
Neepawa,Manitoba
Niverville,Manitoba
Oak Lake,Manitoba
Pilot Mound,Manitoba
Plum Coulee,Manitoba
Portage la Prairie,Manitoba
Rapid City,Manitoba
Rivers,Manitoba
Roblin,Manitoba
Roblin,Manitoba
Rossburn,Manitoba
Russell,Manitoba
Russell,Manitoba
Selkirk,Manitoba
Selkirk,Manitoba
Shoal Lake,Manitoba
Snow Lake,Manitoba
Souris,Manitoba
Souris,Manitoba
Ste. Anne,Manitoba
Steinbach,Manitoba
Stonewall,Manitoba
Swan River,Manitoba
Teulon,Manitoba
The Pas,Manitoba
Thompson,Manitoba
Thompson,Manitoba
Treherne,Manitoba
Virden,Manitoba
Winkler,Manitoba
Winnipeg,Manitoba
Winnipeg Beach,Manitoba
Bathurst,New Brunswick
Campbellton,New Brunswick
Campbellton,New Brunswick
Caraquet,New Brunswick
"Dalhousie, Calgary",New Brunswick
Dalhousie,New Brunswick
Dieppe,New Brunswick
Dieppe,New Brunswick
Edmundston,New Brunswick
Florenceville-Bristol,New Brunswick
Fredericton,New Brunswick
Grand Falls,New Brunswick
Grand Falls,New Brunswick
Grand-Sault,New Brunswick
Hampton,New Brunswick
Hampton,New Brunswick
Hampton,New Brunswick
Hampton,New Brunswick
Hartland,New Brunswick
Lamèque,New Brunswick
Miramichi,New Brunswick
Moncton,New Brunswick
Nackawic,New Brunswick
Oromocto,New Brunswick
Quispamsis,New Brunswick
Richibucto,New Brunswick
Riverview,New Brunswick
Riverview,New Brunswick
Riverview,New Brunswick
Riverview,New Brunswick
Riverview,New Brunswick
Rothesay,New Brunswick
Sackville,New Brunswick
Saint Andrews,New Brunswick
Saint Andrews,New Brunswick
Saint John,New Brunswick
Saint-Léonard,New Brunswick
Shediac,New Brunswick
Sussex,New Brunswick
Woodstock,New Brunswick
Woodstock,New Brunswick
Woodstock,New Brunswick
Admirals Beach,Newfoundland and Labrador
Arnold's Cove,Newfoundland and Labrador
Avondale,Newfoundland and Labrador
Avondale,Newfoundland and Labrador
Badger,Newfoundland and Labrador
Badger,Newfoundland and Labrador
Baie Verte,Newfoundland and Labrador
Baine Harbour,Newfoundland and Labrador
Bauline,Newfoundland and Labrador
Bay Bulls,Newfoundland and Labrador
Bay Roberts,Newfoundland and Labrador
Bay de Verde,Newfoundland and Labrador
Bellburns,Newfoundland and Labrador
Belleoram,Newfoundland and Labrador
Birchy Bay,Newfoundland and Labrador
Bonavista,Newfoundland and Labrador
Botwood,Newfoundland and Labrador
Branch,Newfoundland and Labrador
Brighton,Newfoundland and Labrador
Brighton,Newfoundland and Labrador
Brighton,Newfoundland and Labrador
Brighton,Newfoundland and Labrador
Brigus,Newfoundland and Labrador
Buchans,Newfoundland and Labrador
Burgeo,Newfoundland and Labrador
Burin,Newfoundland and Labrador
Burlington,Newfoundland and Labrador
Burlington,Newfoundland and Labrador
Campbellton,Newfoundland and Labrador
Campbellton,Newfoundland and Labrador
Cape Broyle,Newfoundland and Labrador
Carbonear,Newfoundland and Labrador
Carmanville,Newfoundland and Labrador
Cartwright,Newfoundland and Labrador
Cartwright,Newfoundland and Labrador
Change Islands,Newfoundland and Labrador
Chapel Arm,Newfoundland and Labrador
Charlottetown,Newfoundland and Labrador
Charlottetown,Newfoundland and Labrador
Clarenville,Newfoundland and Labrador
Colinet,Newfoundland and Labrador
Colliers,Newfoundland and Labrador
Come By Chance,Newfoundland and Labrador
Conception Bay South,Newfoundland and Labrador
Conception Harbour,Newfoundland and Labrador
Conche,Newfoundland and Labrador
Corner Brook,Newfoundland and Labrador
Cow Head,Newfoundland and Labrador
Cupids,Newfoundland and Labrador
Deer Lake,Newfoundland and Labrador
Deer Lake,Newfoundland and Labrador
"Dover, Calgary",Newfoundland and Labrador
Dover,Newfoundland and Labrador
Dover,Newfoundland and Labrador
Eastport,Newfoundland and Labrador
Elliston,Newfoundland and Labrador
Englee,Newfoundland and Labrador
English Harbour East,Newfoundland and Labrador
Fermeuse,Newfoundland and Labrador
Ferryland,Newfoundland and Labrador
Fleur de Lys,Newfoundland and Labrador
Fortune,Newfoundland and Labrador
Fox Harbour,Newfoundland and Labrador
Gambo,Newfoundland and Labrador
Gander,Newfoundland and Labrador
Garnish,Newfoundland and Labrador
Gaultois,Newfoundland and Labrador
Glenwood,Newfoundland and Labrador
Glenwood,Newfoundland and Labrador
Glenwood,Newfoundland and Labrador
Glenwood,Newfoundland and Labrador
Glenwood,Newfoundland and Labrador
Glovertown,Newfoundland and Labrador
Grand Bank,Newfoundland and Labrador
Greenspond,Newfoundland and Labrador
Hampden,Newfoundland and Labrador
Harbour Breton,Newfoundland and Labrador
Harbour Grace,Newfoundland and Labrador
Hare Bay,Newfoundland and Labrador
Heart's Content,Newfoundland and Labrador
Heart's Desire,Newfoundland and Labrador
"Holyrood, Edmonton",Newfoundland and Labrador
Holyrood,Newfoundland and Labrador
Howley,Newfoundland and Labrador
Indian Bay,Newfoundland and Labrador
Isle aux Morts,Newfoundland and Labrador
Keels,Newfoundland and Labrador
L'Anse au Loup,Newfoundland and Labrador
L'Anse-au-Clair,Newfoundland and Labrador
Labrador City,Newfoundland and Labrador
Lamaline,Newfoundland and Labrador
Lark Harbour,Newfoundland and Labrador
Lawn,Newfoundland and Labrador
Lawn,Newfoundland and Labrador
Leading Tickles,Newfoundland and Labrador
Lewisporte,Newfoundland and Labrador
Little Bay,Newfoundland and Labrador
Little Burnt Bay,Newfoundland and Labrador
Lourdes,Newfoundland and Labrador
Lumsden,Newfoundland and Labrador
Lumsden,Newfoundland and Labrador
Mary's Harbour,Newfoundland and Labrador
Marystown,Newfoundland and Labrador
Meadows,Newfoundland and Labrador
Meadows,Newfoundland and Labrador
Middle Arm,Newfoundland and Labrador
Millertown,Newfoundland and Labrador
Ming's Bight,Newfoundland and Labrador
Mount Pearl,Newfoundland and Labrador
Musgrave Harbour,Newfoundland and Labrador
New Perlican,Newfoundland and Labrador
Nippers Harbour,Newfoundland and Labrador
Norris Arm,Newfoundland and Labrador
North River,Newfoundland and Labrador
North River,Newfoundland and Labrador
North West River,Newfoundland and Labrador
Old Perlican,Newfoundland and Labrador
Pacquet,Newfoundland and Labrador
Paradise,Newfoundland and Labrador
Parkers Cove,Newfoundland and Labrador
Pasadena,Newfoundland and Labrador
Pilley's Island,Newfoundland and Labrador
Placentia,Newfoundland and Labrador
Point Lance,Newfoundland and Labrador
Point Leamington,Newfoundland and Labrador
Point May,Newfoundland and Labrador
Port Anson,Newfoundland and Labrador
Port Blandford,Newfoundland and Labrador
Port Hope Simpson,Newfoundland and Labrador
Port Rexton,Newfoundland and Labrador
Port Saunders,Newfoundland and Labrador
Port au Choix,Newfoundland and Labrador
Portugal Cove South,Newfoundland and Labrador
Pouch Cove,Newfoundland and Labrador
Raleigh,Newfoundland and Labrador
Raleigh,Newfoundland and Labrador
Ramea,Newfoundland and Labrador
Red Bay,Newfoundland and Labrador
Rencontre East,Newfoundland and Labrador
River of Ponds,Newfoundland and Labrador
Robert's Arm,Newfoundland and Labrador
Rocky Harbour,Newfoundland and Labrador
Roddickton-Bide Arm,Newfoundland and Labrador
Rushoon,Newfoundland and Labrador
Salmon Cove,Newfoundland and Labrador
Salvage,Newfoundland and Labrador
Seal Cove,Newfoundland and Labrador
Seal Cove,Newfoundland and Labrador
Seal Cove,Newfoundland and Labrador
Seal Cove,Newfoundland and Labrador
South Brook,Newfoundland and Labrador
South River,Newfoundland and Labrador
Springdale,Newfoundland and Labrador
St. Anthony,Newfoundland and Labrador
St. John's,Newfoundland and Labrador
St. Lawrence,Newfoundland and Labrador
Steady Brook,Newfoundland and Labrador
Stephenville,Newfoundland and Labrador
Stephenville Crossing,Newfoundland and Labrador
Summerford,Newfoundland and Labrador
Sunnyside,Newfoundland and Labrador
Sunnyside,Newfoundland and Labrador
Sunnyside,Newfoundland and Labrador
Sunnyside,Newfoundland and Labrador
Terra Nova,Newfoundland and Labrador
Terra Nova,Newfoundland and Labrador
Terrenceville,Newfoundland and Labrador
Tilt Cove,Newfoundland and Labrador
Torbay,Newfoundland and Labrador
Trepassey,Newfoundland and Labrador
Trinity,Newfoundland and Labrador
Trinity,Newfoundland and Labrador
Trinity,Newfoundland and Labrador
Triton,Newfoundland and Labrador
Trout River,Newfoundland and Labrador
Twillingate,Newfoundland and Labrador
Upper Island Cove,Newfoundland and Labrador
Victoria,Newfoundland and Labrador
Victoria,Newfoundland and Labrador
Victoria,Newfoundland and Labrador
Victoria,Newfoundland and Labrador
Victoria,Newfoundland and Labrador
Wabana,Newfoundland and Labrador
Wabush,Newfoundland and Labrador
Westport,Newfoundland and Labrador
Westport,Newfoundland and Labrador
Westport,Newfoundland and Labrador
Whitbourne,Newfoundland and Labrador
Winterton,Newfoundland and Labrador
Witless Bay,Newfoundland and Labrador
Woodstock,Newfoundland and Labrador
Woodstock,Newfoundland and Labrador
Woodstock,Newfoundland and Labrador
Woody Point,Newfoundland and Labrador
York Harbour,Newfoundland and Labrador
Fort Smith,Northwest Territories
Hay River,Northwest Territories
Inuvik,Northwest Territories
Norman Wells,Northwest Territories
Yellowknife,Northwest Territories
Amherst,Nova Scotia
Annapolis Royal,Nova Scotia
Antigonish,Nova Scotia
Berwick,Nova Scotia
Bridgewater,Nova Scotia
Digby,Nova Scotia
Kentville,Nova Scotia
Lockeport,Nova Scotia
Lockeport,Nova Scotia
"Lunenburg, Ontario",Nova Scotia
Lunenburg,Nova Scotia
"Lunenburg, Ontario",Nova Scotia
Mahone Bay,Nova Scotia
Middleton,Nova Scotia
Mulgrave,Nova Scotia
New Glasgow,Nova Scotia
New Glasgow,Nova Scotia
Oxford,Nova Scotia
Oxford,Nova Scotia
Pictou,Nova Scotia
Port Hawkesbury,Nova Scotia
Shelburne,Nova Scotia
Shelburne,Nova Scotia
Stellarton,Nova Scotia
Stewiacke,Nova Scotia
Trenton,Nova Scotia
Trenton,Nova Scotia
Truro,Nova Scotia
Westville,Nova Scotia
Wolfville,Nova Scotia
Yarmouth,Nova Scotia
Iqaluit,Nunavut
Ajax,Ontario
Amherstburg,Ontario
Arnprior,Ontario
Aurora,Ontario
Aylmer,Ontario
Bancroft,Ontario
Barrie,Ontario
Belleville,Ontario
Blind River,Ontario
Bracebridge,Ontario
Brampton,Ontario
Brantford,Ontario
Brighton,Ontario
Brighton,Ontario
Brighton,Ontario
Brighton,Ontario
Brockville,Ontario
Brockville,Ontario
Bruce Mines,Ontario
Burlington,Ontario
Burlington,Ontario
Caledon,Ontario
Cambridge,Ontario
Cambridge,Ontario
Carleton Place,Ontario
Cobalt,Ontario
Cobourg,Ontario
Cochrane,Ontario
Cochrane,Ontario
"Collingwood, Calgary",Ontario
Collingwood,Ontario
Cornwall,Ontario
Cornwall,Ontario
Deep River,Ontario
Deseronto,Ontario
Dryden,Ontario
East Gwillimbury,Ontario
Elliot Lake,Ontario
Englehart,Ontario
Erin,Ontario
Espanola,Ontario
Essex,Ontario
Fort Erie,Ontario
Fort Frances,Ontario
Goderich,Ontario
Gore Bay,Ontario
Gravenhurst,Ontario
Grimsby,Ontario
Guelph,Ontario
Guelph,Ontario
Hamilton,Ontario
Hamilton,Ontario
Hamilton,Ontario
Hanover,Ontario
Hawkesbury,Ontario
Hearst,Ontario
Huntsville,Ontario
Ingersoll,Ontario
Innisfil,Ontario
Iroquois Falls,Ontario
Kapuskasing,Ontario
Kawartha Lakes,Ontario
Kenora,Ontario
Killarney,Ontario
Killarney,Ontario
Killarney,Ontario
Killarney,Ontario
Killarney,Ontario
Kingston,Ontario
Kingston,Ontario
Kingston,Ontario
Kingsville,Ontario
Kirkland Lake,Ontario
Kitchener,Ontario
Kitchener,Ontario
LaSalle,Ontario
Lakeshore,Ontario
Lakeshore,Ontario
Lakeshore,Ontario
Lakeshore,Ontario
Lakeshore,Ontario
Lakeshore,Ontario
Latchford,Ontario
Laurentian Hills,Ontario
Leamington,Ontario
Lincoln,Ontario
Lincoln,Ontario
London,Ontario
Marathon,Ontario
Markham,Ontario
Mattawa,Ontario
Meaford,Ontario
Midland,Ontario
Milton,Ontario
Milton,Ontario
Milton,Ontario
Minto,Ontario
Minto,Ontario
Minto,Ontario
Minto,Ontario
Mississauga,Ontario
Moosonee,Ontario
Newmarket,Ontario
Niagara Falls,Ontario
Norfolk County,Ontario
North Bay,Ontario
Northeastern Manitoulin and the Islands,Ontario
Oakville,Ontario
Oakville,Ontario
Orangeville,Ontario
Orillia,Ontario
Oshawa,Ontario
Ottawa,Ontario
Owen Sound,Ontario
Parry Sound,Ontario
Pembroke,Ontario
Penetanguishene,Ontario
Perth,Ontario
Perth,Ontario
Petawawa,Ontario
Peterborough,Ontario
Petrolia,Ontario
Pickering,Ontario
Port Colborne,Ontario
Port Hope,Ontario
Powassan,Ontario
Rainy River,Ontario
Red Lake,Ontario
"Renfrew, Calgary",Ontario
Renfrew,Ontario
Richmond Hill,Ontario
Sarnia,Ontario
Shelburne,Ontario
Shelburne,Ontario
Sioux Lookout,Ontario
Smooth Rock Falls,Ontario
South Bruce Peninsula,Ontario
St. Catharines,Ontario
St. Thomas,Ontario
Stratford,Ontario
Stratford,Ontario
Tecumseh,Ontario
Temagami,Ontario
Thessalon,Ontario
Thorold,Ontario
Thunder Bay,Ontario
Tillsonburg,Ontario
Timmins,Ontario
Toronto,Ontario
Vaughan,Ontario
Wasaga Beach,Ontario
Waterloo,Ontario
Waterloo,Ontario
Welland,Ontario
Whitby,Ontario
Whitchurch-Stouffville,Ontario
Windsor,Ontario
Windsor,Ontario
Windsor,Ontario
Windsor,Ontario
Windsor,Ontario
Woodstock,Ontario
Woodstock,Ontario
Woodstock,Ontario
Alberton,Prince Edward Island
Alberton,Prince Edward Island
Borden-Carleton,Prince Edward Island
Charlottetown,Prince Edward Island
Charlottetown,Prince Edward Island
Cornwall,Prince Edward Island
Cornwall,Prince Edward Island
Georgetown,Prince Edward Island
Georgetown,Prince Edward Island
Kensington,Prince Edward Island
Kensington,Prince Edward Island
Kensington,Prince Edward Island
"Kensington, Saskatoon",Prince Edward Island
Montague,Prince Edward Island
Montague,Prince Edward Island
O'Leary,Prince Edward Island
Souris,Prince Edward Island
Souris,Prince Edward Island
Stratford,Prince Edward Island
Stratford,Prince Edward Island
Summerside,Prince Edward Island
Summerside,Prince Edward Island
Tignish,Prince Edward Island
Acton Vale,Quebec
Alma,Quebec
Alma,Quebec
Alma,Quebec
Amos,Quebec
Amqui,Quebec
Baie-Comeau,Quebec
Baie-Saint-Paul,Quebec
Beaconsfield,Quebec
Beauceville,Quebec
Beauharnois,Quebec
Beaupré,Quebec
Bedford,Quebec
Bedford,Quebec
Belleterre,Quebec
Beloeil,Quebec
Berthierville,Quebec
Blainville,Quebec
Bois-des-Filion,Quebec
Boisbriand,Quebec
Bonaventure,Quebec
Boucherville,Quebec
Bromont,Quebec
Brossard,Quebec
Bécancour,Quebec
Candiac,Quebec
Cap-Chat,Quebec
Carleton-sur-Mer,Quebec
Causapscal,Quebec
Chambly,Quebec
Chandler,Quebec
Chapais,Quebec
Charlemagne,Quebec
Chibougamau,Quebec
Châteauguay,Quebec
Clermont,Quebec
Coaticook,Quebec
Contrecoeur,Quebec
Coteau-du-Lac,Quebec
Cowansville,Quebec
Danville,Quebec
Delson,Quebec
Desbiens,Quebec
Deux-Montagnes,Quebec
Disraeli,Quebec
Donnacona,Quebec
Dorval,Quebec
Drummondville,Quebec
Duparquet,Quebec
Dégelis,Quebec
East Angus,Quebec
Farnham,Quebec
Fermont,Quebec
Forestville,Quebec
Gaspé,Quebec
Gatineau,Quebec
Gracefield,Quebec
Granby,Quebec
Grande-Rivière,Quebec
Hampstead,Quebec
"Hudson, Edmonton",Quebec
Hudson,Quebec
Hudson,Quebec
Huntingdon,Quebec
Huntingdon,Quebec
Joliette,Quebec
Kirkland,Quebec
L'Assomption,Quebec
L'Île-Cadieux,Quebec
L'Île-Dorval,Quebec
L'Île-Perrot,Quebec
La Malbaie,Quebec
La Pocatière,Quebec
La Prairie,Quebec
La Sarre,Quebec
La Tuque,Quebec
Lac-Mégantic,Quebec
Lachute,Quebec
Laval,Quebec
Lavaltrie,Quebec
Lebel-sur-Quévillon,Quebec
Longueuil,Quebec
Lorraine,Quebec
Louiseville,Quebec
Léry,Quebec
Lévis,Quebec
Macamic,Quebec
Magog,Quebec
Malartic,Quebec
Maniwaki,Quebec
Marieville,Quebec
Mascouche,Quebec
Matagami,Quebec
Matane,Quebec
Mercier,Quebec
Mirabel,Quebec
Mont-Joli,Quebec
Mont-Laurier,Quebec
Mont-Royal,Quebec
Mont-Saint-Hilaire,Quebec
Mont-Tremblant,Quebec
Montmagny,Quebec
Montréal-Est,Quebec
Montréal-Ouest,Quebec
Murdochville,Quebec
Neuville,Quebec
New Richmond,Quebec
Nicolet,Quebec
Normandin,Quebec
Notre-Dame-de-l'Île-Perrot,Quebec
Otterburn Park,Quebec
Percé,Quebec
Pincourt,Quebec
Plessisville,Quebec
Pointe-Claire,Quebec
Pont-Rouge,Quebec
Port-Cartier,Quebec
Portneuf,Quebec
Princeville,Quebec
Repentigny,Quebec
Richelieu,Quebec
Richelieu,Quebec
"Richmond, Calgary",Quebec
Richmond,Quebec
Richmond,Quebec
Richmond,Quebec
Rigaud,Quebec
Rimouski,Quebec
Rivière-du-Loup,Quebec
Roberval,Quebec
Rosemère,Quebec
Saint-Amable,Quebec
Saint-Antonin,Quebec
Saint-Augustin-de-Desmaures,Quebec
Saint-Basile,Quebec
Saint-Basile-le-Grand,Quebec
Saint-Bruno-de-Montarville,Quebec
Saint-Charles-Borromée,Quebec
Saint-Colomban,Quebec
Saint-Constant,Quebec
Saint-Césaire,Quebec
Saint-Eustache,Quebec
Saint-Félicien,Quebec
Saint-Gabriel,Quebec
"Saint-Georges, Shawinigan",Quebec
Saint-Georges,Quebec
Saint-Honoré,Quebec
Saint-Hyacinthe,Quebec
Saint-Jean-sur-Richelieu,Quebec
Saint-Joseph-de-Beauce,Quebec
Saint-Joseph-de-Sorel,Quebec
Saint-Jérôme,Quebec
Saint-Lambert,Quebec
Saint-Lazare,Quebec
Saint-Ours,Quebec
Saint-Pamphile,Quebec
Saint-Pascal,Quebec
Saint-Philippe,Quebec
Saint-Pie,Quebec
Saint-Raymond,Quebec
Saint-Rémi,Quebec
Saint-Sauveur,Quebec
Saint-Sauveur,Quebec
Saint-Tite,Quebec
Sainte-Adèle,Quebec
Sainte-Agathe-des-Monts,Quebec
Sainte-Anne-de-Beaupré,Quebec
Sainte-Anne-de-Bellevue,Quebec
Sainte-Anne-des-Monts,Quebec
Sainte-Anne-des-Plaines,Quebec
Sainte-Brigitte-de-Laval,Quebec
Sainte-Catherine,Quebec
Sainte-Catherine,Quebec
Sainte-Catherine-de-la-Jacques-Cartier,Quebec
Sainte-Julie,Quebec
Sainte-Marie,Quebec
Sainte-Marie,Quebec
Sainte-Marthe-sur-le-Lac,Quebec
Sainte-Thérèse,Quebec
Schefferville,Quebec
Scotstown,Quebec
Senneterre,Quebec
Sept-Îles,Quebec
Shawinigan,Quebec
Sherbrooke,Quebec
Sherbrooke,Quebec
Sherbrooke,Quebec
Stanstead,Quebec
Sutton,Quebec
Sutton,Quebec
Terrebonne,Quebec
Thetford Mines,Quebec
Thurso,Quebec
Trois-Pistoles,Quebec
Trois-Rivières,Quebec
Témiscouata-sur-le-Lac,Quebec
Val-d'Or,Quebec
Valcourt,Quebec
Varennes,Quebec
Varennes,Quebec
Vaudreuil-Dorion,Quebec
Victoriaville,Quebec
Ville-Marie,Quebec
Ville-Marie,Quebec
Warwick,Quebec
Warwick,Quebec
Waterloo,Quebec
Waterloo,Quebec
Waterville,Quebec
Westmount,Quebec
Westmount,Quebec
Westmount,Quebec
Westmount,Quebec
Westmount,Quebec
Westmount,Quebec
Westmount,Quebec
Westmount,Quebec
Westmount,Quebec
Westmount,Quebec
Westmount,Quebec
Windsor,Quebec
Windsor,Quebec
Windsor,Quebec
Windsor,Quebec
Windsor,Quebec
Aberdeen,Saskatchewan
Aberdeen,Saskatchewan
Aberdeen,Saskatchewan
Alameda,Saskatchewan
Allan,Saskatchewan
Arborfield,Saskatchewan
Arcola,Saskatchewan
Asquith,Saskatchewan
Assiniboia,Saskatchewan
Balcarres,Saskatchewan
Battleford,Saskatchewan
Bengough,Saskatchewan
Bienfait,Saskatchewan
Big River,Saskatchewan
Biggar,Saskatchewan
Birch Hills,Saskatchewan
Blaine Lake,Saskatchewan
Bredenbury,Saskatchewan
Broadview,Saskatchewan
Bruno,Saskatchewan
Burstall,Saskatchewan
Cabri,Saskatchewan
"Canora, Edmonton",Saskatchewan
Canora,Saskatchewan
Carlyle,Saskatchewan
Carnduff,Saskatchewan
Carrot River,Saskatchewan
Central Butte,Saskatchewan
Churchbridge,Saskatchewan
Colonsay,Saskatchewan
Coronach,Saskatchewan
Creighton,Saskatchewan
Creighton,Saskatchewan
Cudworth,Saskatchewan
Cupar,Saskatchewan
Cut Knife,Saskatchewan
Dalmeny,Saskatchewan
Davidson,Saskatchewan
Delisle,Saskatchewan
Duck Lake,Saskatchewan
Dundurn,Saskatchewan
Eastend,Saskatchewan
Eatonia,Saskatchewan
Elrose,Saskatchewan
Esterhazy,Saskatchewan
Estevan,Saskatchewan
Estevan,Saskatchewan
Eston,Saskatchewan
Fleming,Saskatchewan
Foam Lake,Saskatchewan
Fort Qu'Appelle,Saskatchewan
Francis,Saskatchewan
Govan,Saskatchewan
Gravelbourg,Saskatchewan
Grenfell,Saskatchewan
Gull Lake,Saskatchewan
Hafford,Saskatchewan
Hague,Saskatchewan
Hanley,Saskatchewan
Hepburn,Saskatchewan
Herbert,Saskatchewan
Hudson Bay,Saskatchewan
Humboldt,Saskatchewan
Indian Head,Saskatchewan
Ituna,Saskatchewan
Kamsack,Saskatchewan
Kelvington,Saskatchewan
Kerrobert,Saskatchewan
Kindersley,Saskatchewan
Kinistino,Saskatchewan
La Ronge,Saskatchewan
Lampman,Saskatchewan
Lampman,Saskatchewan
Langenburg,Saskatchewan
Langham,Saskatchewan
Lanigan,Saskatchewan
Lashburn,Saskatchewan
Leader,Saskatchewan
Lemberg,Saskatchewan
"Lloydminster, Alberta",Saskatchewan
Lloydminster,Saskatchewan
"Lloydminster, Alberta",Saskatchewan
Lumsden,Saskatchewan
Lumsden,Saskatchewan
Luseland,Saskatchewan
Macklin,Saskatchewan
Maidstone,Saskatchewan
Maidstone,Saskatchewan
Maidstone,Saskatchewan
Maple Creek,Saskatchewan
Martensville,Saskatchewan
Meadow Lake,Saskatchewan
Melfort,Saskatchewan
Melville,Saskatchewan
Midale,Saskatchewan
Moose Jaw,Saskatchewan
Moosomin,Saskatchewan
Morse,Saskatchewan
Mossbank,Saskatchewan
Naicam,Saskatchewan
Nipawin,Saskatchewan
Nokomis,Saskatchewan
North Battleford,Saskatchewan
Ogema,Saskatchewan
Outlook,Saskatchewan
Oxbow,Saskatchewan
Pilot Butte,Saskatchewan
Ponteix,Saskatchewan
Porcupine Plain,Saskatchewan
Preeceville,Saskatchewan
Prince Albert,Saskatchewan
Prince Albert,Saskatchewan
Qu'Appelle,Saskatchewan
Radisson,Saskatchewan
Radisson,Saskatchewan
Radville,Saskatchewan
Raymore,Saskatchewan
Redvers,Saskatchewan
Regina,Saskatchewan
Regina Beach,Saskatchewan
Rocanville,Saskatchewan
Rockglen,Saskatchewan
Rosetown,Saskatchewan
Rosthern,Saskatchewan
Rouleau,Saskatchewan
Saltcoats,Saskatchewan
Saskatoon,Saskatchewan
Shaunavon,Saskatchewan
Shellbrook,Saskatchewan
Sintaluta,Saskatchewan
Southey,Saskatchewan
Spiritwood,Saskatchewan
St. Brieux,Saskatchewan
Star City,Saskatchewan
Stoughton,Saskatchewan
Strasbourg,Saskatchewan
Sturgis,Saskatchewan
Swift Current,Saskatchewan
Swift Current,Saskatchewan
Tisdale,Saskatchewan
Turtleford,Saskatchewan
Unity,Saskatchewan
Vonda,Saskatchewan
Wadena,Saskatchewan
Wakaw,Saskatchewan
Waldheim,Saskatchewan
Wapella,Saskatchewan
Warman,Saskatchewan
Watrous,Saskatchewan
Watson,Saskatchewan
Watson,Saskatchewan
Wawota,Saskatchewan
Weyburn,Saskatchewan
Whitewood,Saskatchewan
Wilkie,Saskatchewan
Willow Bunch,Saskatchewan
Wolseley,Saskatchewan
Wolseley,Saskatchewan
Wynyard,Saskatchewan
Yellow Grass,Saskatchewan
Yorkton,Saskatchewan
Zealandia,Saskatchewan
Dawson,Yukon
Watson Lake,Yukon
Whitehorse,Yukon
